customer_key,customer_name,industry,vertical,address,city,state,zip
1,User_000001,Freelancer,Gig Economy,308 River St Apt 237,New York,NY,10001
2,User_000002,Warehouse Worker,General,4185 Park Ave Apt 219,Denver,CO,80201
3,User_000003,Tech Worker,Professional,1674 Lake St,Miami,FL,33101
4,User_000004,Administrative,Professional,719 Maple Ave,San Jose,CA,95101
5,User_000005,Young Professional,Professional,8346 Cedar Ave,Columbus,OH,43004
6,User_000006,Driver,Gig Economy,2505 Washington Way Apt 870,Memphis,TN,38101
7,User_000007,Retail Worker,Service,2682 Park Pl,Charlotte,NC,28201
8,User_000008,Freelancer,Gig Economy,7295 Washington Blvd,Cleveland,OH,44101
9,User_000009,Freelancer,Gig Economy,4333 Oak Way,Sacramento,CA,95814
10,User_000010,Gig Worker,Gig Economy,1049 Maple Rd,Sacramento,CA,95814
11,User_000011,Warehouse Worker,General,8429 Hill Way,Houston,TX,77001
12,User_000012,Restaurant Worker,Service,5747 Elm St,Phoenix,AZ,85001
13,User_000013,Restaurant Worker,Service,205 Cedar Dr,Austin,TX,78701
14,User_000014,Driver,Gig Economy,1807 Lake Dr,Portland,OR,97201
15,User_000015,Freelancer,Gig Economy,8577 River Dr,Las Vegas,NV,89101
16,User_000016,Small Business Owner,General,4381 Oak Dr Apt 400,Miami,FL,33101
17,User_000017,Gig Worker,Gig Economy,8124 Cedar Rd Apt 60,Philadelphia,PA,19019
18,User_000018,Driver,Gig Economy,3545 Lake Pl,Las Vegas,NV,89101
19,User_000019,Driver,Gig Economy,8451 Elm Ave,Philadelphia,PA,19019
20,User_000020,Warehouse Worker,General,7775 Washington Ct,Denver,CO,80201
21,User_000021,Restaurant Worker,Service,9149 Oak Ct,Detroit,MI,48201
22,User_000022,Service Industry,Service,9779 Maple Dr,Columbus,OH,43004
23,User_000023,Driver,Gig Economy,1647 Washington Ln,San Antonio,TX,78201
24,User_000024,Tech Worker,Professional,2968 River Dr Apt 504,Louisville,KY,40201
25,User_000025,Retail Worker,Service,5018 Hill Ct Apt 871,San Antonio,TX,78201
26,User_000026,Young Professional,Professional,1414 River St,Minneapolis,MN,55401
27,User_000027,Warehouse Worker,General,6944 Elm Dr,Phoenix,AZ,85001
28,User_000028,Driver,Gig Economy,757 Park Blvd,Denver,CO,80201
29,User_000029,Sales Professional,Professional,8720 Maple Blvd,Los Angeles,CA,90001
30,User_000030,Young Professional,Professional,380 River Rd,Atlanta,GA,30301
31,User_000031,Sales Professional,Professional,4350 Hill Way Apt 717,San Diego,CA,92101
32,User_000032,Driver,Gig Economy,4270 Lake St,Las Vegas,NV,89101
33,User_000033,Restaurant Worker,Service,391 Lake Dr,Washington,DC,20001
34,User_000034,Administrative,Professional,3630 Park Way,Jacksonville,FL,32099
35,User_000035,Driver,Gig Economy,1012 Oak Blvd,Detroit,MI,48201
36,User_000036,Driver,Gig Economy,8210 Oak Ct,Cleveland,OH,44101
37,User_000037,Young Professional,Professional,4787 Washington Ave Apt 440,Fresno,CA,93650
38,User_000038,Sales Professional,Professional,2267 Lake St Apt 408,Austin,TX,78701
39,User_000039,Healthcare Worker,Essential Worker,5143 Hill St Apt 579,Dallas,TX,75201
40,User_000040,Driver,Gig Economy,4725 Cedar Dr,Charlotte,NC,28201
41,User_000041,Small Business Owner,General,9911 Washington Ln,Seattle,WA,98101
42,User_000042,Service Industry,Service,8337 Cedar Way Apt 411,Denver,CO,80201
43,User_000043,Healthcare Worker,Essential Worker,4492 Maple Rd,Fort Worth,TX,76101
44,User_000044,Teacher,Essential Worker,5456 Oak Pl,Fort Worth,TX,76101
45,User_000045,Restaurant Worker,Service,8514 Park Dr,New York,NY,10001
46,User_000046,Sales Professional,Professional,4615 Hill Rd,Miami,FL,33101
47,User_000047,Gig Worker,Gig Economy,2628 Elm Way Apt 388,Atlanta,GA,30301
48,User_000048,Warehouse Worker,General,6452 Hill Ave Apt 356,Louisville,KY,40201
49,User_000049,Service Industry,Service,7238 Oak Dr,Orlando,FL,32801
50,User_000050,Warehouse Worker,General,9694 Hill St,Memphis,TN,38101
51,User_000051,Small Business Owner,General,8133 Hill Ave,Washington,DC,20001
52,User_000052,Restaurant Worker,Service,3955 River Way Apt 961,Austin,TX,78701
53,User_000053,Healthcare Worker,Essential Worker,3681 Maple Way Apt 395,Los Angeles,CA,90001
54,User_000054,Gig Worker,Gig Economy,831 Hill Rd,Chicago,IL,60601
55,User_000055,Sales Professional,Professional,1980 Park Blvd,Louisville,KY,40201
56,User_000056,Driver,Gig Economy,4172 Oak Dr,Cleveland,OH,44101
57,User_000057,Young Professional,Professional,4667 Cedar Ave Apt 57,San Antonio,TX,78201
58,User_000058,Healthcare Worker,Essential Worker,1280 Cedar Pl,Boston,MA,02101
59,User_000059,Student,Education,1902 Cedar Way Apt 321,Albuquerque,NM,87101
60,User_000060,Freelancer,Gig Economy,6819 Maple Rd,Fort Worth,TX,76101
61,User_000061,Gig Worker,Gig Economy,1021 Maple Rd,Dallas,TX,75201
62,User_000062,Sales Professional,Professional,5072 Oak St Apt 704,San Jose,CA,95101
63,User_000063,Teacher,Essential Worker,9699 Cedar Dr,Louisville,KY,40201
64,User_000064,Warehouse Worker,General,1921 Elm Way,Pittsburgh,PA,15201
65,User_000065,Sales Professional,Professional,1346 Elm Ave Apt 698,Milwaukee,WI,53201
66,User_000066,Service Industry,Service,861 Maple St,San Antonio,TX,78201
67,User_000067,Tech Worker,Professional,9552 Cedar Way,Las Vegas,NV,89101
68,User_000068,Restaurant Worker,Service,8106 Maple Ln Apt 775,Fresno,CA,93650
69,User_000069,Student,Education,5724 Cedar Pl,Memphis,TN,38101
70,User_000070,Restaurant Worker,Service,9516 Main Way,Kansas City,MO,64101
71,User_000071,Small Business Owner,General,8038 River Blvd,Pittsburgh,PA,15201
72,User_000072,Student,Education,6464 Cedar Ave,Atlanta,GA,30301
73,User_000073,Restaurant Worker,Service,1638 Park Rd Apt 345,San Jose,CA,95101
74,User_000074,Administrative,Professional,4984 Elm Ct Apt 221,San Jose,CA,95101
75,User_000075,Driver,Gig Economy,7529 Cedar Way,San Diego,CA,92101
76,User_000076,Freelancer,Gig Economy,5694 Park Rd,Louisville,KY,40201
77,User_000077,Service Industry,Service,4282 Main Way Apt 590,Fort Worth,TX,76101
78,User_000078,Freelancer,Gig Economy,4248 Lake Dr,Dallas,TX,75201
79,User_000079,Retail Worker,Service,9930 Washington Rd Apt 356,Memphis,TN,38101
80,User_000080,Small Business Owner,General,9308 River Pl Apt 994,Phoenix,AZ,85001
81,User_000081,Teacher,Essential Worker,2001 Elm Ln,Indianapolis,IN,46201
82,User_000082,Teacher,Essential Worker,427 Cedar Ln Apt 68,Houston,TX,77001
83,User_000083,Teacher,Essential Worker,8173 Park Pl,Kansas City,MO,64101
84,User_000084,Tech Worker,Professional,7994 Lake Blvd Apt 930,Minneapolis,MN,55401
85,User_000085,Tech Worker,Professional,6678 Elm St,San Diego,CA,92101
86,User_000086,Healthcare Worker,Essential Worker,4941 Oak Ave,San Diego,CA,92101
87,User_000087,Freelancer,Gig Economy,3388 Elm Blvd Apt 218,Albuquerque,NM,87101
88,User_000088,Student,Education,8960 Main Blvd,San Antonio,TX,78201
89,User_000089,Healthcare Worker,Essential Worker,3888 Elm Ln Apt 770,Jacksonville,FL,32099
90,User_000090,Warehouse Worker,General,8891 Cedar Rd,Los Angeles,CA,90001
91,User_000091,Tech Worker,Professional,1086 Oak St,Albuquerque,NM,87101
92,User_000092,Sales Professional,Professional,7678 Hill Pl Apt 410,Tucson,AZ,85701
93,User_000093,Small Business Owner,General,560 Hill Way,Atlanta,GA,30301
94,User_000094,Driver,Gig Economy,2728 River Pl Apt 111,Philadelphia,PA,19019
95,User_000095,Teacher,Essential Worker,1009 Washington Pl Apt 708,Miami,FL,33101
96,User_000096,Tech Worker,Professional,9029 Hill Way Apt 726,Pittsburgh,PA,15201
97,User_000097,Warehouse Worker,General,3836 Main St,Jacksonville,FL,32099
98,User_000098,Driver,Gig Economy,4699 Oak Ave Apt 386,Portland,OR,97201
99,User_000099,Retail Worker,Service,2115 Main Ct,Chicago,IL,60601
100,User_000100,Student,Education,9567 Maple Rd Apt 671,Fresno,CA,93650
101,User_000101,Administrative,Professional,3081 Cedar Ln Apt 45,Memphis,TN,38101
102,User_000102,Healthcare Worker,Essential Worker,9444 Hill Dr,Austin,TX,78701
103,User_000103,Freelancer,Gig Economy,4778 Lake St Apt 529,Charlotte,NC,28201
104,User_000104,Small Business Owner,General,9674 Maple Dr Apt 972,Miami,FL,33101
105,User_000105,Retail Worker,Service,6199 Hill St Apt 200,Detroit,MI,48201
106,User_000106,Driver,Gig Economy,9156 Main Ct Apt 567,Louisville,KY,40201
107,User_000107,Administrative,Professional,8324 Park Pl,Washington,DC,20001
108,User_000108,Administrative,Professional,821 Elm Pl,Tucson,AZ,85701
109,User_000109,Driver,Gig Economy,7815 Maple Ct,Miami,FL,33101
110,User_000110,Freelancer,Gig Economy,6447 Oak Ave Apt 270,Baltimore,MD,21201
111,User_000111,Warehouse Worker,General,8453 Lake Way,San Antonio,TX,78201
112,User_000112,Restaurant Worker,Service,698 Hill Ave Apt 430,Fresno,CA,93650
113,User_000113,Young Professional,Professional,8053 Lake Pl Apt 154,Jacksonville,FL,32099
114,User_000114,Sales Professional,Professional,9558 Washington Ln Apt 90,Detroit,MI,48201
115,User_000115,Retail Worker,Service,2199 Cedar Ln,Tampa,FL,33601
116,User_000116,Young Professional,Professional,6631 Cedar Pl,Pittsburgh,PA,15201
117,User_000117,Healthcare Worker,Essential Worker,657 Lake Dr,Detroit,MI,48201
118,User_000118,Driver,Gig Economy,6280 Hill Pl,Minneapolis,MN,55401
119,User_000119,Healthcare Worker,Essential Worker,5449 Elm Rd Apt 419,Seattle,WA,98101
120,User_000120,Freelancer,Gig Economy,4887 Hill Ln,Milwaukee,WI,53201
121,User_000121,Restaurant Worker,Service,8102 River Ave,Detroit,MI,48201
122,User_000122,Freelancer,Gig Economy,8466 Elm Pl,Orlando,FL,32801
123,User_000123,Small Business Owner,General,3866 River St,Minneapolis,MN,55401
124,User_000124,Student,Education,1223 Hill Dr Apt 782,Charlotte,NC,28201
125,User_000125,Tech Worker,Professional,9080 Washington St,Boston,MA,02101
126,User_000126,Warehouse Worker,General,4212 Washington Ln Apt 429,Phoenix,AZ,85001
127,User_000127,Driver,Gig Economy,6169 Park Rd,Miami,FL,33101
128,User_000128,Gig Worker,Gig Economy,6666 Oak Ln Apt 958,Philadelphia,PA,19019
129,User_000129,Freelancer,Gig Economy,2085 Park Way,Detroit,MI,48201
130,User_000130,Warehouse Worker,General,6257 Main Dr Apt 688,Austin,TX,78701
131,User_000131,Driver,Gig Economy,587 Cedar Blvd Apt 411,Denver,CO,80201
132,User_000132,Freelancer,Gig Economy,9687 Main Blvd,Columbus,OH,43004
133,User_000133,Tech Worker,Professional,8182 Hill Ave,Fort Worth,TX,76101
134,User_000134,Restaurant Worker,Service,6783 Washington Way,Las Vegas,NV,89101
135,User_000135,Warehouse Worker,General,2585 Main Way,Milwaukee,WI,53201
136,User_000136,Freelancer,Gig Economy,6880 Lake Ln,Houston,TX,77001
137,User_000137,Sales Professional,Professional,4173 Hill Ln Apt 760,Phoenix,AZ,85001
138,User_000138,Young Professional,Professional,113 Maple St,Charlotte,NC,28201
139,User_000139,Service Industry,Service,5331 Lake Ave Apt 158,Los Angeles,CA,90001
140,User_000140,Healthcare Worker,Essential Worker,4623 River Ln,Miami,FL,33101
141,User_000141,Tech Worker,Professional,9982 Hill Rd,Fresno,CA,93650
142,User_000142,Service Industry,Service,9370 Oak Ct Apt 833,Fresno,CA,93650
143,User_000143,Tech Worker,Professional,1840 Park St Apt 558,Denver,CO,80201
144,User_000144,Gig Worker,Gig Economy,7635 Main Ln,Atlanta,GA,30301
145,User_000145,Retail Worker,Service,9137 Lake Pl Apt 548,Atlanta,GA,30301
146,User_000146,Teacher,Essential Worker,6294 Washington Ln,Orlando,FL,32801
147,User_000147,Sales Professional,Professional,5622 River Dr Apt 911,Columbus,OH,43004
148,User_000148,Gig Worker,Gig Economy,4927 Lake Rd,San Diego,CA,92101
149,User_000149,Tech Worker,Professional,2968 Main Ct,Cleveland,OH,44101
150,User_000150,Small Business Owner,General,5110 Main Way,Chicago,IL,60601
151,User_000151,Driver,Gig Economy,1801 Washington Ct,Cleveland,OH,44101
152,User_000152,Retail Worker,Service,5363 Washington St Apt 385,Columbus,OH,43004
153,User_000153,Healthcare Worker,Essential Worker,6086 Elm Dr Apt 642,Tampa,FL,33601
154,User_000154,Administrative,Professional,7442 Park Blvd,Fort Worth,TX,76101
155,User_000155,Driver,Gig Economy,3207 Park Rd Apt 713,Atlanta,GA,30301
156,User_000156,Small Business Owner,General,1861 Washington St Apt 382,Jacksonville,FL,32099
157,User_000157,Gig Worker,Gig Economy,7246 Hill Rd,Baltimore,MD,21201
158,User_000158,Service Industry,Service,358 Washington Pl,Las Vegas,NV,89101
159,User_000159,Gig Worker,Gig Economy,1996 Cedar St,Tucson,AZ,85701
160,User_000160,Sales Professional,Professional,8006 Oak Dr Apt 8,New York,NY,10001
161,User_000161,Freelancer,Gig Economy,2863 Washington St Apt 535,Los Angeles,CA,90001
162,User_000162,Service Industry,Service,4424 Lake Ave Apt 664,Jacksonville,FL,32099
163,User_000163,Driver,Gig Economy,1378 Oak Way Apt 253,Sacramento,CA,95814
164,User_000164,Service Industry,Service,3222 Main Way,Portland,OR,97201
165,User_000165,Healthcare Worker,Essential Worker,2985 Elm Ct Apt 885,Pittsburgh,PA,15201
166,User_000166,Gig Worker,Gig Economy,7465 Lake Ln,Sacramento,CA,95814
167,User_000167,Young Professional,Professional,5584 Elm Way Apt 411,Dallas,TX,75201
168,User_000168,Healthcare Worker,Essential Worker,2302 Hill Blvd Apt 492,Indianapolis,IN,46201
169,User_000169,Restaurant Worker,Service,9987 Main Pl Apt 640,Cleveland,OH,44101
170,User_000170,Driver,Gig Economy,4787 Washington Ct,Sacramento,CA,95814
171,User_000171,Service Industry,Service,4960 Main Dr Apt 215,Boston,MA,02101
172,User_000172,Freelancer,Gig Economy,7322 Main St,Nashville,TN,37201
173,User_000173,Small Business Owner,General,9746 Park Way,Pittsburgh,PA,15201
174,User_000174,Retail Worker,Service,4525 Main Blvd,Atlanta,GA,30301
175,User_000175,Small Business Owner,General,8338 Washington St Apt 376,Las Vegas,NV,89101
176,User_000176,Warehouse Worker,General,2555 Oak Pl Apt 986,Fort Worth,TX,76101
177,User_000177,Healthcare Worker,Essential Worker,4704 River Pl Apt 574,Indianapolis,IN,46201
178,User_000178,Freelancer,Gig Economy,1607 River Dr Apt 977,Detroit,MI,48201
179,User_000179,Tech Worker,Professional,7918 Washington Blvd Apt 522,Charlotte,NC,28201
180,User_000180,Service Industry,Service,8186 Elm Ct Apt 343,Pittsburgh,PA,15201
181,User_000181,Small Business Owner,General,405 Cedar Ct,Chicago,IL,60601
182,User_000182,Young Professional,Professional,9858 River Blvd,Seattle,WA,98101
183,User_000183,Restaurant Worker,Service,8483 Maple Ct Apt 972,Minneapolis,MN,55401
184,User_000184,Retail Worker,Service,2012 River Ln,Fresno,CA,93650
185,User_000185,Administrative,Professional,7179 Maple Ln,San Diego,CA,92101
186,User_000186,Restaurant Worker,Service,8161 Oak St Apt 2,New York,NY,10001
187,User_000187,Driver,Gig Economy,8849 Oak St,Philadelphia,PA,19019
188,User_000188,Student,Education,8309 River Way,New York,NY,10001
189,User_000189,Gig Worker,Gig Economy,5298 Oak Ct Apt 533,Albuquerque,NM,87101
190,User_000190,Driver,Gig Economy,9139 River Pl,Portland,OR,97201
191,User_000191,Retail Worker,Service,5763 Lake Way,Fresno,CA,93650
192,User_000192,Small Business Owner,General,1722 River Pl Apt 972,Denver,CO,80201
193,User_000193,Driver,Gig Economy,2615 Maple Ct,Las Vegas,NV,89101
194,User_000194,Restaurant Worker,Service,5419 Elm Dr Apt 89,San Diego,CA,92101
195,User_000195,Tech Worker,Professional,2497 Main Ln Apt 653,New York,NY,10001
196,User_000196,Sales Professional,Professional,624 Lake Dr Apt 234,Detroit,MI,48201
197,User_000197,Service Industry,Service,5046 Maple Pl Apt 526,Baltimore,MD,21201
198,User_000198,Tech Worker,Professional,6306 Main Ln Apt 402,Portland,OR,97201
199,User_000199,Student,Education,4920 Hill St,Minneapolis,MN,55401
200,User_000200,Service Industry,Service,530 Lake Dr Apt 741,Dallas,TX,75201
201,User_000201,Warehouse Worker,General,583 Maple Ave,Fort Worth,TX,76101
202,User_000202,Young Professional,Professional,7920 Oak St,Orlando,FL,32801
203,User_000203,Young Professional,Professional,4089 Oak Ave,Chicago,IL,60601
204,User_000204,Healthcare Worker,Essential Worker,9893 Lake Rd Apt 879,Fort Worth,TX,76101
205,User_000205,Young Professional,Professional,9305 Oak Dr,San Antonio,TX,78201
206,User_000206,Driver,Gig Economy,238 Washington St Apt 888,Los Angeles,CA,90001
207,User_000207,Tech Worker,Professional,9786 River Dr Apt 838,San Jose,CA,95101
208,User_000208,Tech Worker,Professional,8187 Cedar Ln,Dallas,TX,75201
209,User_000209,Retail Worker,Service,3271 Elm Ct Apt 592,Washington,DC,20001
210,User_000210,Small Business Owner,General,9485 Hill Ct,Albuquerque,NM,87101
211,User_000211,Driver,Gig Economy,5615 Elm Ln Apt 18,Milwaukee,WI,53201
212,User_000212,Driver,Gig Economy,3875 Hill St,Milwaukee,WI,53201
213,User_000213,Gig Worker,Gig Economy,3665 Park Ave,Fresno,CA,93650
214,User_000214,Small Business Owner,General,5587 Main Dr Apt 487,Atlanta,GA,30301
215,User_000215,Service Industry,Service,4201 Oak Way Apt 651,Baltimore,MD,21201
216,User_000216,Teacher,Essential Worker,4197 Main Dr,Nashville,TN,37201
217,User_000217,Driver,Gig Economy,4023 Maple Ave Apt 573,Fresno,CA,93650
218,User_000218,Gig Worker,Gig Economy,1789 River Way,Houston,TX,77001
219,User_000219,Teacher,Essential Worker,4330 Hill Pl Apt 172,Jacksonville,FL,32099
220,User_000220,Tech Worker,Professional,1261 River St Apt 905,Denver,CO,80201
221,User_000221,Small Business Owner,General,6273 Main Ave Apt 782,Jacksonville,FL,32099
222,User_000222,Administrative,Professional,2964 Main Blvd Apt 257,New York,NY,10001
223,User_000223,Teacher,Essential Worker,1869 Oak Way Apt 278,Washington,DC,20001
224,User_000224,Young Professional,Professional,4488 Oak Pl,Chicago,IL,60601
225,User_000225,Young Professional,Professional,7889 Park St Apt 852,Pittsburgh,PA,15201
226,User_000226,Tech Worker,Professional,1622 Lake Ave Apt 345,Sacramento,CA,95814
227,User_000227,Freelancer,Gig Economy,5101 Lake Blvd,San Jose,CA,95101
228,User_000228,Teacher,Essential Worker,9224 River Ct Apt 862,Las Vegas,NV,89101
229,User_000229,Driver,Gig Economy,1221 Washington Ct Apt 947,San Diego,CA,92101
230,User_000230,Young Professional,Professional,9692 Washington Pl,Fort Worth,TX,76101
231,User_000231,Warehouse Worker,General,8198 River Blvd Apt 568,Denver,CO,80201
232,User_000232,Tech Worker,Professional,327 Main Way Apt 344,Seattle,WA,98101
233,User_000233,Restaurant Worker,Service,3619 Elm Dr,Los Angeles,CA,90001
234,User_000234,Tech Worker,Professional,1557 Oak Ct Apt 34,New York,NY,10001
235,User_000235,Student,Education,4576 Cedar Pl,Chicago,IL,60601
236,User_000236,Administrative,Professional,8132 Washington Pl Apt 706,Las Vegas,NV,89101
237,User_000237,Freelancer,Gig Economy,5981 Oak Pl Apt 318,Baltimore,MD,21201
238,User_000238,Tech Worker,Professional,8106 Park Ave Apt 701,Denver,CO,80201
239,User_000239,Administrative,Professional,237 Washington Way,Phoenix,AZ,85001
240,User_000240,Service Industry,Service,8764 Main Rd Apt 248,Houston,TX,77001
241,User_000241,Gig Worker,Gig Economy,9772 Main Pl Apt 908,Denver,CO,80201
242,User_000242,Sales Professional,Professional,9318 Elm St,Sacramento,CA,95814
243,User_000243,Service Industry,Service,8848 River Ct,Seattle,WA,98101
244,User_000244,Freelancer,Gig Economy,1809 Maple Ave,Minneapolis,MN,55401
245,User_000245,Service Industry,Service,4340 River Ln Apt 498,Fort Worth,TX,76101
246,User_000246,Restaurant Worker,Service,1678 Lake Ct Apt 812,Phoenix,AZ,85001
247,User_000247,Sales Professional,Professional,2477 Lake Blvd,Minneapolis,MN,55401
248,User_000248,Sales Professional,Professional,5943 Lake Rd Apt 710,Pittsburgh,PA,15201
249,User_000249,Young Professional,Professional,7629 Washington Blvd Apt 90,Milwaukee,WI,53201
250,User_000250,Teacher,Essential Worker,5723 Oak Way Apt 859,Memphis,TN,38101
251,User_000251,Freelancer,Gig Economy,4016 Park Ave,Miami,FL,33101
252,User_000252,Small Business Owner,General,7755 Hill Blvd,Chicago,IL,60601
253,User_000253,Young Professional,Professional,6793 Cedar Ln Apt 69,Houston,TX,77001
254,User_000254,Retail Worker,Service,1881 Oak Dr Apt 672,Phoenix,AZ,85001
255,User_000255,Small Business Owner,General,6627 Maple Rd Apt 559,Phoenix,AZ,85001
256,User_000256,Service Industry,Service,5466 Lake Ln Apt 506,Boston,MA,02101
257,User_000257,Administrative,Professional,8890 Main Ct Apt 685,Portland,OR,97201
258,User_000258,Retail Worker,Service,6311 Oak Dr,Philadelphia,PA,19019
259,User_000259,Restaurant Worker,Service,6180 Main Rd Apt 944,Houston,TX,77001
260,User_000260,Young Professional,Professional,5025 Park Ln Apt 809,Charlotte,NC,28201
261,User_000261,Sales Professional,Professional,3855 Lake Way,Charlotte,NC,28201
262,User_000262,Restaurant Worker,Service,9944 Park Pl Apt 825,San Antonio,TX,78201
263,User_000263,Service Industry,Service,5499 River Pl Apt 331,Washington,DC,20001
264,User_000264,Student,Education,8726 Cedar Way,Baltimore,MD,21201
265,User_000265,Healthcare Worker,Essential Worker,9289 Hill Dr,Jacksonville,FL,32099
266,User_000266,Restaurant Worker,Service,3053 River Ave,Houston,TX,77001
267,User_000267,Small Business Owner,General,4467 Maple Ln,Pittsburgh,PA,15201
268,User_000268,Service Industry,Service,8057 Washington Way Apt 981,Los Angeles,CA,90001
269,User_000269,Freelancer,Gig Economy,3457 Oak Rd Apt 698,Houston,TX,77001
270,User_000270,Retail Worker,Service,339 Park Ln Apt 83,Tucson,AZ,85701
271,User_000271,Teacher,Essential Worker,9255 Elm Pl Apt 843,Portland,OR,97201
272,User_000272,Freelancer,Gig Economy,5703 Main Dr,Minneapolis,MN,55401
273,User_000273,Freelancer,Gig Economy,9284 Washington Ln Apt 930,Kansas City,MO,64101
274,User_000274,Driver,Gig Economy,9945 Hill Pl,Austin,TX,78701
275,User_000275,Restaurant Worker,Service,6772 Maple Way,Columbus,OH,43004
276,User_000276,Young Professional,Professional,8848 Elm Way Apt 64,Jacksonville,FL,32099
277,User_000277,Young Professional,Professional,7537 Elm Way Apt 360,Miami,FL,33101
278,User_000278,Warehouse Worker,General,5477 Main Way,Charlotte,NC,28201
279,User_000279,Student,Education,2601 Park Ln,Milwaukee,WI,53201
280,User_000280,Freelancer,Gig Economy,729 Hill Ave Apt 573,Tucson,AZ,85701
281,User_000281,Retail Worker,Service,8322 Cedar St,Sacramento,CA,95814
282,User_000282,Teacher,Essential Worker,7823 Maple Way Apt 647,Austin,TX,78701
283,User_000283,Small Business Owner,General,5312 Washington Pl Apt 237,Washington,DC,20001
284,User_000284,Driver,Gig Economy,3874 Park St Apt 599,Houston,TX,77001
285,User_000285,Gig Worker,Gig Economy,2697 Elm Ave,Phoenix,AZ,85001
286,User_000286,Small Business Owner,General,2236 Elm Ct,Kansas City,MO,64101
287,User_000287,Freelancer,Gig Economy,8653 River Rd Apt 4,Chicago,IL,60601
288,User_000288,Student,Education,1514 Washington St,Fort Worth,TX,76101
289,User_000289,Teacher,Essential Worker,5465 Park Way,Baltimore,MD,21201
290,User_000290,Driver,Gig Economy,2408 Cedar Way,Seattle,WA,98101
291,User_000291,Student,Education,3944 Washington Rd,Orlando,FL,32801
292,User_000292,Warehouse Worker,General,8837 River Ave Apt 409,Pittsburgh,PA,15201
293,User_000293,Tech Worker,Professional,9439 Main Ct Apt 637,Miami,FL,33101
294,User_000294,Healthcare Worker,Essential Worker,2250 Park Ave Apt 43,Cleveland,OH,44101
295,User_000295,Service Industry,Service,4713 Elm Ln,Sacramento,CA,95814
296,User_000296,Healthcare Worker,Essential Worker,4918 Washington Ct Apt 294,Tampa,FL,33601
297,User_000297,Young Professional,Professional,5160 Elm St,Louisville,KY,40201
298,User_000298,Small Business Owner,General,8011 River Rd,New York,NY,10001
299,User_000299,Retail Worker,Service,7906 Park Dr,San Antonio,TX,78201
300,User_000300,Sales Professional,Professional,909 Hill St Apt 584,Fort Worth,TX,76101
301,User_000301,Driver,Gig Economy,6693 Elm Ln Apt 989,Louisville,KY,40201
302,User_000302,Restaurant Worker,Service,6458 Park Ct,Orlando,FL,32801
303,User_000303,Healthcare Worker,Essential Worker,4724 Maple St,Fresno,CA,93650
304,User_000304,Young Professional,Professional,318 River Dr Apt 112,Fort Worth,TX,76101
305,User_000305,Young Professional,Professional,1893 Elm Blvd,Houston,TX,77001
306,User_000306,Restaurant Worker,Service,3210 Hill Rd Apt 18,Tucson,AZ,85701
307,User_000307,Student,Education,6028 Elm Ln Apt 604,San Antonio,TX,78201
308,User_000308,Retail Worker,Service,839 Oak St Apt 45,Cleveland,OH,44101
309,User_000309,Sales Professional,Professional,7296 Oak Way,Jacksonville,FL,32099
310,User_000310,Small Business Owner,General,3505 Washington Rd,Charlotte,NC,28201
311,User_000311,Warehouse Worker,General,1039 River Ave,Nashville,TN,37201
312,User_000312,Driver,Gig Economy,1856 Washington Dr Apt 232,Indianapolis,IN,46201
313,User_000313,Tech Worker,Professional,6100 River Dr Apt 745,Milwaukee,WI,53201
314,User_000314,Restaurant Worker,Service,6130 Elm Ave,Jacksonville,FL,32099
315,User_000315,Gig Worker,Gig Economy,2641 Main Ct,Sacramento,CA,95814
316,User_000316,Warehouse Worker,General,5544 Maple Ln,Jacksonville,FL,32099
317,User_000317,Student,Education,3142 Oak Dr Apt 268,Minneapolis,MN,55401
318,User_000318,Sales Professional,Professional,4292 Washington Dr Apt 948,Columbus,OH,43004
319,User_000319,Tech Worker,Professional,3013 Park St Apt 955,Dallas,TX,75201
320,User_000320,Retail Worker,Service,8547 Washington Rd Apt 238,Nashville,TN,37201
321,User_000321,Service Industry,Service,8416 Park Ln Apt 770,Milwaukee,WI,53201
322,User_000322,Young Professional,Professional,5253 Cedar Ln Apt 539,Portland,OR,97201
323,User_000323,Gig Worker,Gig Economy,7238 Elm Ave Apt 332,San Diego,CA,92101
324,User_000324,Student,Education,400 Maple Pl Apt 702,Dallas,TX,75201
325,User_000325,Restaurant Worker,Service,4619 Park Way Apt 806,Minneapolis,MN,55401
326,User_000326,Teacher,Essential Worker,9739 Lake St Apt 956,Baltimore,MD,21201
327,User_000327,Restaurant Worker,Service,3406 Hill Dr Apt 868,Kansas City,MO,64101
328,User_000328,Freelancer,Gig Economy,5851 Park Ln,Austin,TX,78701
329,User_000329,Administrative,Professional,789 River Pl Apt 611,New York,NY,10001
330,User_000330,Warehouse Worker,General,7260 Cedar St Apt 432,Memphis,TN,38101
331,User_000331,Administrative,Professional,2730 Elm Ct Apt 487,Orlando,FL,32801
332,User_000332,Restaurant Worker,Service,8826 Main Ct,New York,NY,10001
333,User_000333,Small Business Owner,General,5110 Washington Dr,San Antonio,TX,78201
334,User_000334,Retail Worker,Service,861 Main Pl,New York,NY,10001
335,User_000335,Teacher,Essential Worker,1227 Oak Blvd Apt 53,Phoenix,AZ,85001
336,User_000336,Young Professional,Professional,2960 Lake Ave Apt 587,Sacramento,CA,95814
337,User_000337,Driver,Gig Economy,503 Maple Pl Apt 985,Washington,DC,20001
338,User_000338,Freelancer,Gig Economy,7898 Main Ct Apt 65,Louisville,KY,40201
339,User_000339,Teacher,Essential Worker,6153 Cedar Ct Apt 163,Albuquerque,NM,87101
340,User_000340,Sales Professional,Professional,833 Washington Way,Memphis,TN,38101
341,User_000341,Young Professional,Professional,8290 Lake Ave,Tampa,FL,33601
342,User_000342,Sales Professional,Professional,9204 Park Ave Apt 965,Los Angeles,CA,90001
343,User_000343,Restaurant Worker,Service,2608 Lake Way Apt 521,Sacramento,CA,95814
344,User_000344,Service Industry,Service,3882 Hill Blvd,Jacksonville,FL,32099
345,User_000345,Teacher,Essential Worker,1375 Main Ave,Nashville,TN,37201
346,User_000346,Service Industry,Service,6602 Park Dr Apt 430,Philadelphia,PA,19019
347,User_000347,Small Business Owner,General,5952 Maple Ave,Las Vegas,NV,89101
348,User_000348,Retail Worker,Service,6103 Washington Dr,Tampa,FL,33601
349,User_000349,Gig Worker,Gig Economy,8553 Washington Pl Apt 127,Cleveland,OH,44101
350,User_000350,Student,Education,7893 Maple Way,Louisville,KY,40201
351,User_000351,Student,Education,2264 Cedar St Apt 965,Atlanta,GA,30301
352,User_000352,Administrative,Professional,6243 Maple Ct,Kansas City,MO,64101
353,User_000353,Warehouse Worker,General,6678 Hill Dr,Indianapolis,IN,46201
354,User_000354,Freelancer,Gig Economy,7141 Main Blvd,Indianapolis,IN,46201
355,User_000355,Gig Worker,Gig Economy,3680 Oak Dr Apt 42,Denver,CO,80201
356,User_000356,Small Business Owner,General,9981 Maple Blvd,Orlando,FL,32801
357,User_000357,Warehouse Worker,General,7484 Maple Ave Apt 780,San Antonio,TX,78201
358,User_000358,Small Business Owner,General,4494 Washington Way Apt 357,Fort Worth,TX,76101
359,User_000359,Retail Worker,Service,4323 Main Dr Apt 280,Miami,FL,33101
360,User_000360,Freelancer,Gig Economy,9541 Oak Ave Apt 652,Los Angeles,CA,90001
361,User_000361,Administrative,Professional,8856 River Pl,San Jose,CA,95101
362,User_000362,Tech Worker,Professional,2744 Maple Way Apt 471,Pittsburgh,PA,15201
363,User_000363,Warehouse Worker,General,6697 Cedar Blvd,Kansas City,MO,64101
364,User_000364,Student,Education,9402 Hill Blvd Apt 783,San Diego,CA,92101
365,User_000365,Warehouse Worker,General,1748 Hill Ln,Columbus,OH,43004
366,User_000366,Administrative,Professional,1607 River Blvd Apt 585,Fresno,CA,93650
367,User_000367,Restaurant Worker,Service,7180 Maple Way,Charlotte,NC,28201
368,User_000368,Retail Worker,Service,1088 Elm St Apt 754,Chicago,IL,60601
369,User_000369,Restaurant Worker,Service,2203 Cedar Way,Tampa,FL,33601
370,User_000370,Driver,Gig Economy,9969 Oak Way,Columbus,OH,43004
371,User_000371,Small Business Owner,General,4726 Hill Dr Apt 628,San Antonio,TX,78201
372,User_000372,Service Industry,Service,5070 Hill Rd Apt 312,Las Vegas,NV,89101
373,User_000373,Driver,Gig Economy,1502 Main Way Apt 383,New York,NY,10001
374,User_000374,Healthcare Worker,Essential Worker,7625 Oak Rd,Fresno,CA,93650
375,User_000375,Warehouse Worker,General,6337 Lake Blvd Apt 677,Philadelphia,PA,19019
376,User_000376,Young Professional,Professional,7598 Hill Ct,Los Angeles,CA,90001
377,User_000377,Healthcare Worker,Essential Worker,4950 Washington Ave,Louisville,KY,40201
378,User_000378,Healthcare Worker,Essential Worker,2919 River Pl Apt 659,Philadelphia,PA,19019
379,User_000379,Administrative,Professional,7601 Elm Ave,Dallas,TX,75201
380,User_000380,Service Industry,Service,1900 Main Ct,Milwaukee,WI,53201
381,User_000381,Healthcare Worker,Essential Worker,2613 Elm Rd Apt 280,San Diego,CA,92101
382,User_000382,Small Business Owner,General,9847 Elm Ln,Los Angeles,CA,90001
383,User_000383,Healthcare Worker,Essential Worker,7971 River Dr Apt 190,Fort Worth,TX,76101
384,User_000384,Retail Worker,Service,8222 Elm Pl,Denver,CO,80201
385,User_000385,Teacher,Essential Worker,9617 Cedar Blvd,Orlando,FL,32801
386,User_000386,Gig Worker,Gig Economy,2844 Maple Pl,Tampa,FL,33601
387,User_000387,Gig Worker,Gig Economy,835 Cedar Dr Apt 468,Pittsburgh,PA,15201
388,User_000388,Tech Worker,Professional,4843 Park Ave Apt 127,Philadelphia,PA,19019
389,User_000389,Small Business Owner,General,3817 Maple Blvd,Los Angeles,CA,90001
390,User_000390,Teacher,Essential Worker,5136 Washington Ave Apt 767,Tampa,FL,33601
391,User_000391,Gig Worker,Gig Economy,1971 Lake Ct,Los Angeles,CA,90001
392,User_000392,Healthcare Worker,Essential Worker,4231 River Way Apt 627,Miami,FL,33101
393,User_000393,Gig Worker,Gig Economy,8248 Cedar Way Apt 249,Boston,MA,02101
394,User_000394,Administrative,Professional,7516 Hill Pl Apt 937,Orlando,FL,32801
395,User_000395,Small Business Owner,General,9176 Maple Dr Apt 348,Los Angeles,CA,90001
396,User_000396,Restaurant Worker,Service,5395 Cedar Rd,Austin,TX,78701
397,User_000397,Administrative,Professional,1765 Elm Pl,Minneapolis,MN,55401
398,User_000398,Retail Worker,Service,1857 Oak Ct Apt 689,Philadelphia,PA,19019
399,User_000399,Young Professional,Professional,6247 River Pl Apt 607,Seattle,WA,98101
400,User_000400,Warehouse Worker,General,4557 Hill Rd Apt 175,Nashville,TN,37201
401,User_000401,Young Professional,Professional,7776 Lake Ln,Portland,OR,97201
402,User_000402,Small Business Owner,General,210 Hill Pl Apt 252,Milwaukee,WI,53201
403,User_000403,Teacher,Essential Worker,5808 Hill Way,Las Vegas,NV,89101
404,User_000404,Administrative,Professional,6727 Oak Blvd Apt 751,Houston,TX,77001
405,User_000405,Retail Worker,Service,447 Park St,Sacramento,CA,95814
406,User_000406,Freelancer,Gig Economy,8545 Maple Pl,Portland,OR,97201
407,User_000407,Tech Worker,Professional,8037 Washington Way,Indianapolis,IN,46201
408,User_000408,Student,Education,1400 Washington Blvd Apt 290,Denver,CO,80201
409,User_000409,Restaurant Worker,Service,2105 Park Pl,Nashville,TN,37201
410,User_000410,Freelancer,Gig Economy,3224 Cedar Pl,Tucson,AZ,85701
411,User_000411,Restaurant Worker,Service,2431 Cedar Ln Apt 143,Tampa,FL,33601
412,User_000412,Warehouse Worker,General,4358 River Ct Apt 829,Charlotte,NC,28201
413,User_000413,Restaurant Worker,Service,5873 Washington Ave Apt 674,Houston,TX,77001
414,User_000414,Sales Professional,Professional,854 Cedar Pl,Las Vegas,NV,89101
415,User_000415,Healthcare Worker,Essential Worker,9138 Elm Rd Apt 420,Tampa,FL,33601
416,User_000416,Small Business Owner,General,6409 River Blvd Apt 196,Milwaukee,WI,53201
417,User_000417,Healthcare Worker,Essential Worker,7193 Cedar Ct Apt 905,Houston,TX,77001
418,User_000418,Driver,Gig Economy,2074 Main Way Apt 697,Chicago,IL,60601
419,User_000419,Administrative,Professional,339 Oak Blvd Apt 908,New York,NY,10001
420,User_000420,Young Professional,Professional,9322 Washington Way Apt 235,Chicago,IL,60601
421,User_000421,Gig Worker,Gig Economy,2964 Park Ave,Tampa,FL,33601
422,User_000422,Freelancer,Gig Economy,6020 Main Way,Atlanta,GA,30301
423,User_000423,Driver,Gig Economy,7398 Lake Ave Apt 560,Pittsburgh,PA,15201
424,User_000424,Tech Worker,Professional,8965 Hill St,San Diego,CA,92101
425,User_000425,Small Business Owner,General,3003 Maple Blvd Apt 549,Cleveland,OH,44101
426,User_000426,Service Industry,Service,7009 Oak Rd Apt 250,Portland,OR,97201
427,User_000427,Sales Professional,Professional,4189 Park Pl Apt 595,Indianapolis,IN,46201
428,User_000428,Small Business Owner,General,3996 Hill Rd,Portland,OR,97201
429,User_000429,Service Industry,Service,2865 Maple Dr Apt 302,Indianapolis,IN,46201
430,User_000430,Freelancer,Gig Economy,8696 Cedar Way,Las Vegas,NV,89101
431,User_000431,Teacher,Essential Worker,9118 Elm St Apt 108,San Diego,CA,92101
432,User_000432,Freelancer,Gig Economy,5456 Maple Ave,San Diego,CA,92101
433,User_000433,Restaurant Worker,Service,824 Lake Rd,Philadelphia,PA,19019
434,User_000434,Sales Professional,Professional,2878 Park Ln,Cleveland,OH,44101
435,User_000435,Student,Education,8703 Cedar Blvd Apt 361,Orlando,FL,32801
436,User_000436,Teacher,Essential Worker,4552 Washington Ct,Las Vegas,NV,89101
437,User_000437,Healthcare Worker,Essential Worker,199 Oak Blvd Apt 768,Chicago,IL,60601
438,User_000438,Freelancer,Gig Economy,9233 Main Ave Apt 683,Minneapolis,MN,55401
439,User_000439,Small Business Owner,General,480 Maple Dr,San Diego,CA,92101
440,User_000440,Retail Worker,Service,4610 Oak Ln Apt 253,Pittsburgh,PA,15201
441,User_000441,Small Business Owner,General,808 Oak Way,Phoenix,AZ,85001
442,User_000442,Service Industry,Service,2894 Lake Ln,Boston,MA,02101
443,User_000443,Driver,Gig Economy,5480 Oak Ct Apt 115,Tampa,FL,33601
444,User_000444,Restaurant Worker,Service,1768 Washington Blvd,San Antonio,TX,78201
445,User_000445,Young Professional,Professional,8953 Cedar Blvd,San Jose,CA,95101
446,User_000446,Tech Worker,Professional,9081 Elm Pl Apt 2,Las Vegas,NV,89101
447,User_000447,Driver,Gig Economy,3482 Elm Way Apt 154,Tucson,AZ,85701
448,User_000448,Restaurant Worker,Service,168 Main Ln Apt 969,Seattle,WA,98101
449,User_000449,Small Business Owner,General,2771 Oak Ln,Portland,OR,97201
450,User_000450,Small Business Owner,General,7493 Maple Rd Apt 735,Houston,TX,77001
451,User_000451,Small Business Owner,General,9779 Washington Rd,Washington,DC,20001
452,User_000452,Healthcare Worker,Essential Worker,5802 Lake Rd Apt 107,Dallas,TX,75201
453,User_000453,Retail Worker,Service,7974 Cedar Pl,Pittsburgh,PA,15201
454,User_000454,Warehouse Worker,General,7308 Lake St,Minneapolis,MN,55401
455,User_000455,Tech Worker,Professional,3922 Maple Ln Apt 7,Phoenix,AZ,85001
456,User_000456,Tech Worker,Professional,7173 Oak Ct Apt 356,Austin,TX,78701
457,User_000457,Restaurant Worker,Service,5893 Cedar Rd,Chicago,IL,60601
458,User_000458,Young Professional,Professional,6420 River Ct,Detroit,MI,48201
459,User_000459,Service Industry,Service,1691 Main Ct Apt 833,Sacramento,CA,95814
460,User_000460,Driver,Gig Economy,1315 Oak Ave Apt 621,Columbus,OH,43004
461,User_000461,Sales Professional,Professional,3210 Lake Blvd,Sacramento,CA,95814
462,User_000462,Small Business Owner,General,7414 Hill St Apt 102,Washington,DC,20001
463,User_000463,Driver,Gig Economy,8119 River Ln,Nashville,TN,37201
464,User_000464,Restaurant Worker,Service,937 Maple Dr Apt 41,Seattle,WA,98101
465,User_000465,Driver,Gig Economy,4861 Lake Blvd,Minneapolis,MN,55401
466,User_000466,Freelancer,Gig Economy,1902 Elm Ln Apt 908,Miami,FL,33101
467,User_000467,Young Professional,Professional,5601 Washington Way Apt 751,Orlando,FL,32801
468,User_000468,Retail Worker,Service,1556 Park St Apt 589,Detroit,MI,48201
469,User_000469,Sales Professional,Professional,4220 Hill Blvd Apt 884,Pittsburgh,PA,15201
470,User_000470,Tech Worker,Professional,9983 Oak Blvd Apt 628,Detroit,MI,48201
471,User_000471,Administrative,Professional,8706 Maple Pl,Miami,FL,33101
472,User_000472,Warehouse Worker,General,8313 Park St,Phoenix,AZ,85001
473,User_000473,Administrative,Professional,6878 Washington Ln,Charlotte,NC,28201
474,User_000474,Driver,Gig Economy,4840 River Ave Apt 397,San Jose,CA,95101
475,User_000475,Small Business Owner,General,8211 Hill Blvd Apt 839,Charlotte,NC,28201
476,User_000476,Sales Professional,Professional,3015 Cedar Way Apt 902,Las Vegas,NV,89101
477,User_000477,Restaurant Worker,Service,2908 Park Pl,Baltimore,MD,21201
478,User_000478,Tech Worker,Professional,3030 Washington Rd,San Diego,CA,92101
479,User_000479,Service Industry,Service,560 Lake Ave,San Jose,CA,95101
480,User_000480,Administrative,Professional,420 Washington Rd Apt 76,Memphis,TN,38101
481,User_000481,Driver,Gig Economy,6434 Hill Blvd,Columbus,OH,43004
482,User_000482,Restaurant Worker,Service,2258 River Blvd Apt 586,Washington,DC,20001
483,User_000483,Driver,Gig Economy,6399 Lake Dr,New York,NY,10001
484,User_000484,Sales Professional,Professional,2237 Oak Ln Apt 540,Pittsburgh,PA,15201
485,User_000485,Restaurant Worker,Service,9345 Main Pl,Fresno,CA,93650
486,User_000486,Freelancer,Gig Economy,6383 Cedar Ct Apt 805,Detroit,MI,48201
487,User_000487,Young Professional,Professional,9536 Lake Rd Apt 578,Pittsburgh,PA,15201
488,User_000488,Tech Worker,Professional,4213 River Blvd,Tampa,FL,33601
489,User_000489,Teacher,Essential Worker,2906 Park Way,Los Angeles,CA,90001
490,User_000490,Sales Professional,Professional,5640 Cedar Pl Apt 856,San Diego,CA,92101
491,User_000491,Sales Professional,Professional,4129 Lake Ave Apt 39,Indianapolis,IN,46201
492,User_000492,Sales Professional,Professional,8410 Park Ct Apt 887,Charlotte,NC,28201
493,User_000493,Service Industry,Service,6076 Oak Way,Philadelphia,PA,19019
494,User_000494,Healthcare Worker,Essential Worker,4533 Park Dr,Philadelphia,PA,19019
495,User_000495,Young Professional,Professional,7762 Washington Rd,Phoenix,AZ,85001
496,User_000496,Teacher,Essential Worker,6914 Washington Ave Apt 202,New York,NY,10001
497,User_000497,Gig Worker,Gig Economy,9557 River Blvd Apt 378,Los Angeles,CA,90001
498,User_000498,Small Business Owner,General,248 Elm Blvd,Tucson,AZ,85701
499,User_000499,Administrative,Professional,6768 Oak Blvd,Pittsburgh,PA,15201
500,User_000500,Young Professional,Professional,6106 Washington Way,Dallas,TX,75201
501,User_000501,Administrative,Professional,8894 Hill Way,Indianapolis,IN,46201
502,User_000502,Service Industry,Service,744 Lake Ln,Tucson,AZ,85701
503,User_000503,Administrative,Professional,7187 Elm Ave Apt 631,Fort Worth,TX,76101
504,User_000504,Driver,Gig Economy,6154 Park Rd Apt 6,Atlanta,GA,30301
505,User_000505,Young Professional,Professional,2013 Oak St,Kansas City,MO,64101
506,User_000506,Student,Education,8730 Park Rd Apt 154,Tampa,FL,33601
507,User_000507,Small Business Owner,General,4740 Park Ct,Tucson,AZ,85701
508,User_000508,Warehouse Worker,General,3992 Park Pl,Pittsburgh,PA,15201
509,User_000509,Teacher,Essential Worker,6394 River Ct Apt 442,Nashville,TN,37201
510,User_000510,Freelancer,Gig Economy,157 Oak Ave Apt 545,Baltimore,MD,21201
511,User_000511,Healthcare Worker,Essential Worker,3342 Lake Ln,Nashville,TN,37201
512,User_000512,Restaurant Worker,Service,4759 Park Blvd Apt 830,Nashville,TN,37201
513,User_000513,Administrative,Professional,796 Washington Ave,Memphis,TN,38101
514,User_000514,Young Professional,Professional,4135 Hill Blvd,Jacksonville,FL,32099
515,User_000515,Healthcare Worker,Essential Worker,7080 Hill Pl,Miami,FL,33101
516,User_000516,Student,Education,7862 Maple Pl Apt 504,Columbus,OH,43004
517,User_000517,Service Industry,Service,7628 Main St,Columbus,OH,43004
518,User_000518,Gig Worker,Gig Economy,2080 Hill Dr,Atlanta,GA,30301
519,User_000519,Healthcare Worker,Essential Worker,5379 Maple Ct Apt 733,New York,NY,10001
520,User_000520,Warehouse Worker,General,7682 Cedar Ave Apt 703,Indianapolis,IN,46201
521,User_000521,Tech Worker,Professional,8107 Cedar St Apt 219,Chicago,IL,60601
522,User_000522,Warehouse Worker,General,7412 Hill Ct Apt 493,Houston,TX,77001
523,User_000523,Student,Education,6026 Elm St Apt 829,New York,NY,10001
524,User_000524,Small Business Owner,General,5950 Elm Way Apt 87,Indianapolis,IN,46201
525,User_000525,Student,Education,7950 Main Rd,Cleveland,OH,44101
526,User_000526,Healthcare Worker,Essential Worker,3360 Oak Ln,Cleveland,OH,44101
527,User_000527,Gig Worker,Gig Economy,2381 Cedar Ln,Charlotte,NC,28201
528,User_000528,Sales Professional,Professional,205 Lake Dr Apt 100,Seattle,WA,98101
529,User_000529,Tech Worker,Professional,1719 Lake Dr,Jacksonville,FL,32099
530,User_000530,Healthcare Worker,Essential Worker,253 Elm Ct Apt 969,Chicago,IL,60601
531,User_000531,Driver,Gig Economy,5146 Elm Blvd Apt 999,Albuquerque,NM,87101
532,User_000532,Warehouse Worker,General,3049 Hill Ln,Sacramento,CA,95814
533,User_000533,Tech Worker,Professional,7256 Cedar Pl Apt 685,Portland,OR,97201
534,User_000534,Retail Worker,Service,3957 Washington Dr Apt 280,San Diego,CA,92101
535,User_000535,Tech Worker,Professional,8036 Oak Dr Apt 62,Minneapolis,MN,55401
536,User_000536,Driver,Gig Economy,3663 Washington Ln Apt 197,Seattle,WA,98101
537,User_000537,Teacher,Essential Worker,7121 Main Blvd Apt 13,Denver,CO,80201
538,User_000538,Teacher,Essential Worker,4573 Elm Blvd Apt 435,Phoenix,AZ,85001
539,User_000539,Service Industry,Service,1596 Cedar Rd Apt 811,Denver,CO,80201
540,User_000540,Warehouse Worker,General,5519 Elm Blvd Apt 565,Nashville,TN,37201
541,User_000541,Healthcare Worker,Essential Worker,5578 Oak Rd Apt 3,Baltimore,MD,21201
542,User_000542,Student,Education,2189 Washington Dr Apt 303,Seattle,WA,98101
543,User_000543,Retail Worker,Service,8595 Main Dr Apt 216,Boston,MA,02101
544,User_000544,Teacher,Essential Worker,2613 Cedar Dr,Miami,FL,33101
545,User_000545,Young Professional,Professional,5583 Maple Ct Apt 153,Jacksonville,FL,32099
546,User_000546,Healthcare Worker,Essential Worker,6381 Hill Ct,Portland,OR,97201
547,User_000547,Driver,Gig Economy,2008 Washington Blvd Apt 144,Boston,MA,02101
548,User_000548,Retail Worker,Service,9325 Park Dr,Atlanta,GA,30301
549,User_000549,Young Professional,Professional,2336 Lake Dr,Dallas,TX,75201
550,User_000550,Small Business Owner,General,2787 Hill Blvd,Cleveland,OH,44101
551,User_000551,Gig Worker,Gig Economy,9880 Cedar Ct Apt 682,Seattle,WA,98101
552,User_000552,Driver,Gig Economy,2055 Cedar St,Sacramento,CA,95814
553,User_000553,Warehouse Worker,General,8581 Lake Dr,San Jose,CA,95101
554,User_000554,Driver,Gig Economy,7173 Lake Way,Memphis,TN,38101
555,User_000555,Teacher,Essential Worker,4060 Lake Ln Apt 823,Milwaukee,WI,53201
556,User_000556,Freelancer,Gig Economy,7257 Park Dr Apt 503,Houston,TX,77001
557,User_000557,Teacher,Essential Worker,8023 Elm Ln,Milwaukee,WI,53201
558,User_000558,Sales Professional,Professional,8313 Washington Rd,Dallas,TX,75201
559,User_000559,Healthcare Worker,Essential Worker,7760 Main Dr,Miami,FL,33101
560,User_000560,Warehouse Worker,General,6644 Washington Ct Apt 509,Memphis,TN,38101
561,User_000561,Service Industry,Service,8604 Maple Ct,Denver,CO,80201
562,User_000562,Freelancer,Gig Economy,6347 Maple Rd,Austin,TX,78701
563,User_000563,Warehouse Worker,General,9236 Washington Rd Apt 570,Boston,MA,02101
564,User_000564,Warehouse Worker,General,9737 Hill St,Indianapolis,IN,46201
565,User_000565,Young Professional,Professional,1019 Lake Ave Apt 829,Fresno,CA,93650
566,User_000566,Tech Worker,Professional,3436 Maple Blvd Apt 287,Columbus,OH,43004
567,User_000567,Small Business Owner,General,3299 Hill Blvd Apt 741,Baltimore,MD,21201
568,User_000568,Young Professional,Professional,8050 Elm Way Apt 196,Tampa,FL,33601
569,User_000569,Tech Worker,Professional,7345 Main Blvd,Miami,FL,33101
570,User_000570,Gig Worker,Gig Economy,5866 Main Dr,Portland,OR,97201
571,User_000571,Gig Worker,Gig Economy,8382 Cedar Pl Apt 374,Louisville,KY,40201
572,User_000572,Warehouse Worker,General,8764 Lake Ave Apt 708,Milwaukee,WI,53201
573,User_000573,Service Industry,Service,7528 Park Rd Apt 714,Atlanta,GA,30301
574,User_000574,Restaurant Worker,Service,4401 Hill Pl,Milwaukee,WI,53201
575,User_000575,Healthcare Worker,Essential Worker,8893 Park Ave,New York,NY,10001
576,User_000576,Student,Education,2862 Washington Ave,Phoenix,AZ,85001
577,User_000577,Freelancer,Gig Economy,1869 Main Ln,Portland,OR,97201
578,User_000578,Student,Education,5711 Washington Blvd Apt 850,Miami,FL,33101
579,User_000579,Retail Worker,Service,1408 Washington Way Apt 592,Detroit,MI,48201
580,User_000580,Young Professional,Professional,6903 Elm Blvd Apt 587,Milwaukee,WI,53201
581,User_000581,Young Professional,Professional,339 Washington Dr Apt 621,Baltimore,MD,21201
582,User_000582,Service Industry,Service,8335 Elm Ln,Albuquerque,NM,87101
583,User_000583,Small Business Owner,General,1177 River Blvd Apt 390,Charlotte,NC,28201
584,User_000584,Administrative,Professional,1549 Maple St Apt 104,Miami,FL,33101
585,User_000585,Tech Worker,Professional,9010 Maple Way,Memphis,TN,38101
586,User_000586,Service Industry,Service,9826 Washington St Apt 547,Dallas,TX,75201
587,User_000587,Retail Worker,Service,6910 Park Ln Apt 358,Orlando,FL,32801
588,User_000588,Freelancer,Gig Economy,2122 Oak Blvd,Boston,MA,02101
589,User_000589,Tech Worker,Professional,9894 River Ave Apt 266,Tucson,AZ,85701
590,User_000590,Retail Worker,Service,7470 Washington Ln Apt 931,Dallas,TX,75201
591,User_000591,Driver,Gig Economy,7720 Main Ct Apt 388,Columbus,OH,43004
592,User_000592,Service Industry,Service,6653 Main Ct,New York,NY,10001
593,User_000593,Young Professional,Professional,3949 Hill Ave,Louisville,KY,40201
594,User_000594,Young Professional,Professional,1255 Park Pl Apt 342,Nashville,TN,37201
595,User_000595,Teacher,Essential Worker,4229 Lake Blvd Apt 135,Portland,OR,97201
596,User_000596,Teacher,Essential Worker,337 Washington Ct Apt 152,Houston,TX,77001
597,User_000597,Small Business Owner,General,9682 Elm Ave,Nashville,TN,37201
598,User_000598,Healthcare Worker,Essential Worker,3284 Elm Rd Apt 518,San Antonio,TX,78201
599,User_000599,Freelancer,Gig Economy,2425 Elm Ct Apt 840,Chicago,IL,60601
600,User_000600,Retail Worker,Service,4841 Main Ave Apt 901,Fort Worth,TX,76101
601,User_000601,Freelancer,Gig Economy,7384 Maple Ave,Atlanta,GA,30301
602,User_000602,Teacher,Essential Worker,9675 Hill Way,Las Vegas,NV,89101
603,User_000603,Small Business Owner,General,9328 Cedar Rd Apt 944,Houston,TX,77001
604,User_000604,Healthcare Worker,Essential Worker,5713 Washington Blvd Apt 716,Nashville,TN,37201
605,User_000605,Gig Worker,Gig Economy,4103 Oak Blvd,Sacramento,CA,95814
606,User_000606,Gig Worker,Gig Economy,131 Cedar St Apt 462,Miami,FL,33101
607,User_000607,Restaurant Worker,Service,145 Elm Blvd,Milwaukee,WI,53201
608,User_000608,Sales Professional,Professional,1878 Park St,Miami,FL,33101
609,User_000609,Administrative,Professional,2393 Oak Way Apt 415,Nashville,TN,37201
610,User_000610,Tech Worker,Professional,5123 River Ct,Washington,DC,20001
611,User_000611,Administrative,Professional,5743 River Way Apt 580,Orlando,FL,32801
612,User_000612,Restaurant Worker,Service,4882 Washington St Apt 377,San Diego,CA,92101
613,User_000613,Warehouse Worker,General,8836 Oak Blvd,Charlotte,NC,28201
614,User_000614,Small Business Owner,General,3669 River Ln Apt 485,Las Vegas,NV,89101
615,User_000615,Tech Worker,Professional,7619 Main St Apt 27,New York,NY,10001
616,User_000616,Healthcare Worker,Essential Worker,7283 Hill Rd Apt 766,Houston,TX,77001
617,User_000617,Service Industry,Service,236 Washington Ct Apt 843,San Diego,CA,92101
618,User_000618,Retail Worker,Service,1771 River Dr,Portland,OR,97201
619,User_000619,Student,Education,9548 Park Ln,Milwaukee,WI,53201
620,User_000620,Driver,Gig Economy,9556 Park Pl,Orlando,FL,32801
621,User_000621,Student,Education,6377 Lake Dr,Miami,FL,33101
622,User_000622,Tech Worker,Professional,5898 Lake Ct Apt 757,Houston,TX,77001
623,User_000623,Gig Worker,Gig Economy,9100 Elm Pl,San Jose,CA,95101
624,User_000624,Sales Professional,Professional,2052 Washington Pl,Seattle,WA,98101
625,User_000625,Young Professional,Professional,6052 Main Ct,Louisville,KY,40201
626,User_000626,Healthcare Worker,Essential Worker,4859 Cedar St,Los Angeles,CA,90001
627,User_000627,Retail Worker,Service,9894 Main Ln Apt 306,Fort Worth,TX,76101
628,User_000628,Tech Worker,Professional,5881 Lake Ave,San Antonio,TX,78201
629,User_000629,Service Industry,Service,5816 Hill Ct Apt 997,Atlanta,GA,30301
630,User_000630,Restaurant Worker,Service,8376 Main St Apt 553,Nashville,TN,37201
631,User_000631,Healthcare Worker,Essential Worker,3057 Main Blvd Apt 234,Charlotte,NC,28201
632,User_000632,Restaurant Worker,Service,5857 Cedar Ave Apt 876,Fort Worth,TX,76101
633,User_000633,Young Professional,Professional,4437 Elm Ln,Denver,CO,80201
634,User_000634,Young Professional,Professional,7498 Maple Way Apt 455,Albuquerque,NM,87101
635,User_000635,Healthcare Worker,Essential Worker,7862 Park Way,Fresno,CA,93650
636,User_000636,Warehouse Worker,General,6300 Main Ct Apt 626,Fresno,CA,93650
637,User_000637,Young Professional,Professional,173 Main Ln,San Antonio,TX,78201
638,User_000638,Restaurant Worker,Service,8727 Main Rd,Charlotte,NC,28201
639,User_000639,Healthcare Worker,Essential Worker,9195 Washington St Apt 154,Denver,CO,80201
640,User_000640,Teacher,Essential Worker,4556 Main St Apt 228,Fresno,CA,93650
641,User_000641,Gig Worker,Gig Economy,4762 Oak Ln,Seattle,WA,98101
642,User_000642,Small Business Owner,General,8308 River Ave Apt 741,Miami,FL,33101
643,User_000643,Service Industry,Service,8415 Lake Ct Apt 337,Pittsburgh,PA,15201
644,User_000644,Retail Worker,Service,3434 Washington St Apt 718,Los Angeles,CA,90001
645,User_000645,Driver,Gig Economy,6226 Park Ln,Pittsburgh,PA,15201
646,User_000646,Retail Worker,Service,3453 River Pl Apt 544,Houston,TX,77001
647,User_000647,Sales Professional,Professional,5926 Lake Ct,San Jose,CA,95101
648,User_000648,Tech Worker,Professional,3830 Main Ct,Cleveland,OH,44101
649,User_000649,Young Professional,Professional,1224 River Way,Seattle,WA,98101
650,User_000650,Small Business Owner,General,4482 Elm Way,Sacramento,CA,95814
651,User_000651,Retail Worker,Service,1532 Hill Rd Apt 113,Milwaukee,WI,53201
652,User_000652,Gig Worker,Gig Economy,2214 Hill Dr Apt 429,Nashville,TN,37201
653,User_000653,Student,Education,9607 Oak Way Apt 444,Denver,CO,80201
654,User_000654,Administrative,Professional,524 Cedar Ln Apt 374,San Antonio,TX,78201
655,User_000655,Student,Education,7085 Washington Way Apt 234,Austin,TX,78701
656,User_000656,Tech Worker,Professional,6280 Elm Pl Apt 576,Fort Worth,TX,76101
657,User_000657,Restaurant Worker,Service,1387 Oak Rd Apt 106,San Jose,CA,95101
658,User_000658,Freelancer,Gig Economy,3049 Oak Rd,Memphis,TN,38101
659,User_000659,Service Industry,Service,1869 River Rd Apt 857,Tampa,FL,33601
660,User_000660,Small Business Owner,General,7946 Lake Ln,Las Vegas,NV,89101
661,User_000661,Young Professional,Professional,8486 Elm Ave Apt 510,Orlando,FL,32801
662,User_000662,Service Industry,Service,9271 Park Blvd Apt 266,Detroit,MI,48201
663,User_000663,Student,Education,9752 River Ct Apt 202,Miami,FL,33101
664,User_000664,Teacher,Essential Worker,8565 Main Ln,Orlando,FL,32801
665,User_000665,Small Business Owner,General,592 Washington Ave,Milwaukee,WI,53201
666,User_000666,Healthcare Worker,Essential Worker,1238 Cedar Way Apt 450,Albuquerque,NM,87101
667,User_000667,Young Professional,Professional,479 Lake Ave Apt 789,Boston,MA,02101
668,User_000668,Small Business Owner,General,3914 Cedar Dr,Detroit,MI,48201
669,User_000669,Small Business Owner,General,9168 Maple Ct,Atlanta,GA,30301
670,User_000670,Freelancer,Gig Economy,6776 Washington Ct Apt 883,Dallas,TX,75201
671,User_000671,Healthcare Worker,Essential Worker,3228 River Rd,Charlotte,NC,28201
672,User_000672,Gig Worker,Gig Economy,762 Maple Blvd Apt 85,Columbus,OH,43004
673,User_000673,Student,Education,6963 Hill Ave,Memphis,TN,38101
674,User_000674,Freelancer,Gig Economy,4560 Park Pl,Indianapolis,IN,46201
675,User_000675,Student,Education,1209 Lake Pl Apt 665,Baltimore,MD,21201
676,User_000676,Warehouse Worker,General,8773 Park Way,Detroit,MI,48201
677,User_000677,Gig Worker,Gig Economy,1869 Lake Blvd Apt 565,Milwaukee,WI,53201
678,User_000678,Restaurant Worker,Service,1398 Lake Way,San Diego,CA,92101
679,User_000679,Driver,Gig Economy,5671 Maple St,Miami,FL,33101
680,User_000680,Freelancer,Gig Economy,1707 Cedar Ln Apt 618,New York,NY,10001
681,User_000681,Gig Worker,Gig Economy,880 Main Ln Apt 895,San Jose,CA,95101
682,User_000682,Healthcare Worker,Essential Worker,8120 Hill Pl,San Antonio,TX,78201
683,User_000683,Warehouse Worker,General,9291 Elm Blvd,Fort Worth,TX,76101
684,User_000684,Sales Professional,Professional,8537 Elm Pl,Sacramento,CA,95814
685,User_000685,Student,Education,9857 Washington Dr Apt 320,Minneapolis,MN,55401
686,User_000686,Warehouse Worker,General,2931 Lake Pl Apt 562,San Antonio,TX,78201
687,User_000687,Administrative,Professional,5486 Cedar Rd,Nashville,TN,37201
688,User_000688,Teacher,Essential Worker,8431 Main Ave,Cleveland,OH,44101
689,User_000689,Service Industry,Service,2760 River Way Apt 427,Kansas City,MO,64101
690,User_000690,Service Industry,Service,9332 Elm Ln Apt 628,Tampa,FL,33601
691,User_000691,Healthcare Worker,Essential Worker,9093 Oak Pl Apt 377,San Diego,CA,92101
692,User_000692,Sales Professional,Professional,2940 Maple Ln,Cleveland,OH,44101
693,User_000693,Restaurant Worker,Service,2010 Main Ct Apt 584,Los Angeles,CA,90001
694,User_000694,Service Industry,Service,9074 River Ave Apt 57,Tucson,AZ,85701
695,User_000695,Tech Worker,Professional,3452 Washington Pl,Pittsburgh,PA,15201
696,User_000696,Service Industry,Service,9912 Cedar Ct Apt 668,San Antonio,TX,78201
697,User_000697,Retail Worker,Service,8287 Elm St,Tucson,AZ,85701
698,User_000698,Freelancer,Gig Economy,2102 River Pl,Portland,OR,97201
699,User_000699,Healthcare Worker,Essential Worker,997 Maple Ave,Baltimore,MD,21201
700,User_000700,Restaurant Worker,Service,4138 Main Rd,Cleveland,OH,44101
701,User_000701,Sales Professional,Professional,6933 Washington Ct Apt 722,San Diego,CA,92101
702,User_000702,Gig Worker,Gig Economy,5722 Cedar Rd,San Diego,CA,92101
703,User_000703,Tech Worker,Professional,916 River Blvd,San Antonio,TX,78201
704,User_000704,Teacher,Essential Worker,4058 Park Ave,Detroit,MI,48201
705,User_000705,Sales Professional,Professional,1813 Park Blvd,Baltimore,MD,21201
706,User_000706,Healthcare Worker,Essential Worker,7098 Elm Pl,Houston,TX,77001
707,User_000707,Tech Worker,Professional,3307 Elm Rd,Atlanta,GA,30301
708,User_000708,Service Industry,Service,556 Oak Pl Apt 841,Detroit,MI,48201
709,User_000709,Service Industry,Service,8944 Main Ct Apt 708,San Diego,CA,92101
710,User_000710,Administrative,Professional,3301 Oak Ct Apt 292,Atlanta,GA,30301
711,User_000711,Retail Worker,Service,501 Maple Ave Apt 548,Miami,FL,33101
712,User_000712,Freelancer,Gig Economy,5280 Hill Dr Apt 715,Dallas,TX,75201
713,User_000713,Healthcare Worker,Essential Worker,8732 Cedar Ct Apt 504,Indianapolis,IN,46201
714,User_000714,Healthcare Worker,Essential Worker,4230 Washington Rd,Sacramento,CA,95814
715,User_000715,Tech Worker,Professional,8595 Cedar Way Apt 317,Seattle,WA,98101
716,User_000716,Driver,Gig Economy,9609 Oak Ave,Philadelphia,PA,19019
717,User_000717,Administrative,Professional,391 Maple St,Phoenix,AZ,85001
718,User_000718,Small Business Owner,General,5791 Lake Ave,Los Angeles,CA,90001
719,User_000719,Sales Professional,Professional,3820 Hill Rd,Denver,CO,80201
720,User_000720,Retail Worker,Service,8073 Hill Dr Apt 978,Fresno,CA,93650
721,User_000721,Service Industry,Service,8945 Main St,Fresno,CA,93650
722,User_000722,Freelancer,Gig Economy,1041 Cedar St Apt 259,Las Vegas,NV,89101
723,User_000723,Driver,Gig Economy,7138 Main Ln,Orlando,FL,32801
724,User_000724,Gig Worker,Gig Economy,2697 Hill Ave Apt 67,Albuquerque,NM,87101
725,User_000725,Teacher,Essential Worker,9306 Oak Pl,Pittsburgh,PA,15201
726,User_000726,Sales Professional,Professional,2849 Main Ave,Baltimore,MD,21201
727,User_000727,Administrative,Professional,7806 Lake St,Kansas City,MO,64101
728,User_000728,Healthcare Worker,Essential Worker,858 Elm Ct,Sacramento,CA,95814
729,User_000729,Healthcare Worker,Essential Worker,5761 Park Rd,Minneapolis,MN,55401
730,User_000730,Warehouse Worker,General,4268 Lake Ct Apt 253,Cleveland,OH,44101
731,User_000731,Warehouse Worker,General,402 Oak St Apt 640,Sacramento,CA,95814
732,User_000732,Young Professional,Professional,1566 Washington Ln Apt 440,Jacksonville,FL,32099
733,User_000733,Administrative,Professional,3495 River Pl,Baltimore,MD,21201
734,User_000734,Driver,Gig Economy,2645 Park Ct Apt 551,Fort Worth,TX,76101
735,User_000735,Gig Worker,Gig Economy,2394 Park Way Apt 99,Minneapolis,MN,55401
736,User_000736,Freelancer,Gig Economy,6377 River Blvd Apt 255,San Jose,CA,95101
737,User_000737,Warehouse Worker,General,9881 Main Blvd Apt 216,Phoenix,AZ,85001
738,User_000738,Student,Education,5402 Cedar St Apt 923,Indianapolis,IN,46201
739,User_000739,Small Business Owner,General,2802 Lake Ct,Albuquerque,NM,87101
740,User_000740,Driver,Gig Economy,6350 Oak Way Apt 530,Minneapolis,MN,55401
741,User_000741,Service Industry,Service,5108 Washington Ave Apt 148,Los Angeles,CA,90001
742,User_000742,Student,Education,968 Cedar Rd Apt 73,Milwaukee,WI,53201
743,User_000743,Service Industry,Service,408 Park St Apt 561,Philadelphia,PA,19019
744,User_000744,Sales Professional,Professional,3288 Hill Blvd Apt 757,Tampa,FL,33601
745,User_000745,Sales Professional,Professional,4477 Washington Ave Apt 116,Fresno,CA,93650
746,User_000746,Small Business Owner,General,4002 Elm Pl Apt 463,Chicago,IL,60601
747,User_000747,Warehouse Worker,General,8104 River Way Apt 814,Nashville,TN,37201
748,User_000748,Driver,Gig Economy,2034 Main Rd Apt 547,Baltimore,MD,21201
749,User_000749,Teacher,Essential Worker,4622 Hill Blvd,San Antonio,TX,78201
750,User_000750,Restaurant Worker,Service,3891 Washington Blvd,Houston,TX,77001
751,User_000751,Student,Education,8475 Cedar Rd,Seattle,WA,98101
752,User_000752,Teacher,Essential Worker,5148 Washington Pl Apt 532,Miami,FL,33101
753,User_000753,Retail Worker,Service,5095 Main Ln,San Antonio,TX,78201
754,User_000754,Retail Worker,Service,6800 Oak Ln Apt 96,Fresno,CA,93650
755,User_000755,Sales Professional,Professional,8499 Lake St,New York,NY,10001
756,User_000756,Healthcare Worker,Essential Worker,3015 Oak Pl Apt 806,Atlanta,GA,30301
757,User_000757,Service Industry,Service,535 Oak St,Charlotte,NC,28201
758,User_000758,Warehouse Worker,General,7086 Washington St Apt 198,Sacramento,CA,95814
759,User_000759,Driver,Gig Economy,4313 Park Way Apt 890,Indianapolis,IN,46201
760,User_000760,Young Professional,Professional,9307 Maple Ln,San Diego,CA,92101
761,User_000761,Warehouse Worker,General,6191 Maple Rd,Detroit,MI,48201
762,User_000762,Sales Professional,Professional,6000 Oak Dr Apt 648,Austin,TX,78701
763,User_000763,Sales Professional,Professional,7957 Washington Blvd Apt 290,Portland,OR,97201
764,User_000764,Service Industry,Service,6296 Elm Ct Apt 561,Charlotte,NC,28201
765,User_000765,Teacher,Essential Worker,9346 Lake St Apt 546,Detroit,MI,48201
766,User_000766,Administrative,Professional,7584 Park Blvd,Washington,DC,20001
767,User_000767,Small Business Owner,General,657 Washington Dr Apt 83,Houston,TX,77001
768,User_000768,Young Professional,Professional,2975 Maple Dr Apt 462,Houston,TX,77001
769,User_000769,Restaurant Worker,Service,7625 Maple Dr Apt 852,Boston,MA,02101
770,User_000770,Gig Worker,Gig Economy,9086 River Dr,Louisville,KY,40201
771,User_000771,Restaurant Worker,Service,6572 Elm Rd,Cleveland,OH,44101
772,User_000772,Sales Professional,Professional,6433 Main Pl Apt 797,Fresno,CA,93650
773,User_000773,Healthcare Worker,Essential Worker,7087 Park St Apt 605,New York,NY,10001
774,User_000774,Young Professional,Professional,7458 Cedar Blvd Apt 709,Houston,TX,77001
775,User_000775,Small Business Owner,General,8243 Washington Ln,Washington,DC,20001
776,User_000776,Small Business Owner,General,840 Cedar Rd,Seattle,WA,98101
777,User_000777,Administrative,Professional,3035 Oak St Apt 978,Albuquerque,NM,87101
778,User_000778,Healthcare Worker,Essential Worker,9522 River Ln Apt 556,Denver,CO,80201
779,User_000779,Restaurant Worker,Service,5816 Park Ct Apt 461,Houston,TX,77001
780,User_000780,Freelancer,Gig Economy,985 Cedar Rd,Dallas,TX,75201
781,User_000781,Warehouse Worker,General,6901 Hill Ct,Atlanta,GA,30301
782,User_000782,Gig Worker,Gig Economy,9162 Maple St,Chicago,IL,60601
783,User_000783,Small Business Owner,General,3487 Washington Dr Apt 546,Houston,TX,77001
784,User_000784,Tech Worker,Professional,6583 Cedar Ave Apt 311,Las Vegas,NV,89101
785,User_000785,Warehouse Worker,General,7684 Park St Apt 512,Fresno,CA,93650
786,User_000786,Restaurant Worker,Service,9014 Maple Pl,Los Angeles,CA,90001
787,User_000787,Gig Worker,Gig Economy,9743 Elm Dr Apt 922,Columbus,OH,43004
788,User_000788,Sales Professional,Professional,2861 Lake Ave,Charlotte,NC,28201
789,User_000789,Healthcare Worker,Essential Worker,6878 Washington Ct,San Jose,CA,95101
790,User_000790,Healthcare Worker,Essential Worker,3167 Park St,Pittsburgh,PA,15201
791,User_000791,Administrative,Professional,4146 Main Dr,Miami,FL,33101
792,User_000792,Tech Worker,Professional,767 Oak Ln,Tampa,FL,33601
793,User_000793,Tech Worker,Professional,7596 Oak St,Milwaukee,WI,53201
794,User_000794,Student,Education,6687 Park Ln,San Antonio,TX,78201
795,User_000795,Gig Worker,Gig Economy,5541 Cedar Rd,Houston,TX,77001
796,User_000796,Service Industry,Service,5107 Cedar Ct,Jacksonville,FL,32099
797,User_000797,Small Business Owner,General,5353 Main Ave,Cleveland,OH,44101
798,User_000798,Gig Worker,Gig Economy,8068 Washington Blvd Apt 474,San Antonio,TX,78201
799,User_000799,Gig Worker,Gig Economy,9051 River Pl,Memphis,TN,38101
800,User_000800,Warehouse Worker,General,4996 River Ln,Boston,MA,02101
801,User_000801,Warehouse Worker,General,9253 River Ave Apt 410,Cleveland,OH,44101
802,User_000802,Retail Worker,Service,6668 Cedar St Apt 79,Jacksonville,FL,32099
803,User_000803,Freelancer,Gig Economy,6858 Hill Blvd Apt 484,Las Vegas,NV,89101
804,User_000804,Young Professional,Professional,6173 Washington Way Apt 584,Phoenix,AZ,85001
805,User_000805,Service Industry,Service,2447 Elm Dr Apt 977,Los Angeles,CA,90001
806,User_000806,Retail Worker,Service,2504 Oak Ct,Chicago,IL,60601
807,User_000807,Healthcare Worker,Essential Worker,755 River Ave Apt 325,Las Vegas,NV,89101
808,User_000808,Sales Professional,Professional,8019 River Pl,Charlotte,NC,28201
809,User_000809,Retail Worker,Service,4319 Oak Ln,Sacramento,CA,95814
810,User_000810,Young Professional,Professional,1240 Hill Way,Milwaukee,WI,53201
811,User_000811,Retail Worker,Service,5140 Oak Blvd,Fresno,CA,93650
812,User_000812,Freelancer,Gig Economy,7706 Lake Ave Apt 146,Cleveland,OH,44101
813,User_000813,Service Industry,Service,6832 Washington Ave,Chicago,IL,60601
814,User_000814,Tech Worker,Professional,6062 Lake Ln,Indianapolis,IN,46201
815,User_000815,Restaurant Worker,Service,2159 Park Pl Apt 851,Charlotte,NC,28201
816,User_000816,Service Industry,Service,738 Park Rd Apt 495,San Diego,CA,92101
817,User_000817,Freelancer,Gig Economy,4516 Lake Blvd Apt 716,Minneapolis,MN,55401
818,User_000818,Restaurant Worker,Service,1075 Cedar Way,Milwaukee,WI,53201
819,User_000819,Freelancer,Gig Economy,6227 Park Ln,Dallas,TX,75201
820,User_000820,Retail Worker,Service,4043 Hill Pl Apt 381,Los Angeles,CA,90001
821,User_000821,Healthcare Worker,Essential Worker,1630 Hill Ave,Atlanta,GA,30301
822,User_000822,Sales Professional,Professional,7899 Hill Ct Apt 791,Cleveland,OH,44101
823,User_000823,Student,Education,3812 Elm Ave,Kansas City,MO,64101
824,User_000824,Retail Worker,Service,1022 Park Ln Apt 230,Tampa,FL,33601
825,User_000825,Student,Education,554 Hill Way,Phoenix,AZ,85001
826,User_000826,Retail Worker,Service,7474 Oak Ave,Charlotte,NC,28201
827,User_000827,Driver,Gig Economy,4841 Maple Dr,Las Vegas,NV,89101
828,User_000828,Warehouse Worker,General,5849 Lake St Apt 888,Austin,TX,78701
829,User_000829,Healthcare Worker,Essential Worker,3464 River Ln Apt 347,Orlando,FL,32801
830,User_000830,Driver,Gig Economy,8007 Main Rd Apt 301,Orlando,FL,32801
831,User_000831,Small Business Owner,General,944 Cedar Ln,Kansas City,MO,64101
832,User_000832,Tech Worker,Professional,444 Oak Ct Apt 968,Fort Worth,TX,76101
833,User_000833,Sales Professional,Professional,232 Oak Ln,Atlanta,GA,30301
834,User_000834,Freelancer,Gig Economy,958 Main St Apt 432,San Antonio,TX,78201
835,User_000835,Healthcare Worker,Essential Worker,6825 Park Dr Apt 853,Memphis,TN,38101
836,User_000836,Administrative,Professional,8821 River Way Apt 350,Orlando,FL,32801
837,User_000837,Restaurant Worker,Service,4649 Cedar Pl,Phoenix,AZ,85001
838,User_000838,Student,Education,4075 Cedar Rd Apt 531,Albuquerque,NM,87101
839,User_000839,Sales Professional,Professional,8370 Elm Way Apt 139,Albuquerque,NM,87101
840,User_000840,Gig Worker,Gig Economy,3314 Maple Ave Apt 255,Las Vegas,NV,89101
841,User_000841,Young Professional,Professional,1039 River Rd,Milwaukee,WI,53201
842,User_000842,Freelancer,Gig Economy,583 Maple Ln,Memphis,TN,38101
843,User_000843,Healthcare Worker,Essential Worker,2013 Main Ln Apt 218,Chicago,IL,60601
844,User_000844,Administrative,Professional,6372 Washington Dr Apt 742,Charlotte,NC,28201
845,User_000845,Retail Worker,Service,9625 Maple Dr,Dallas,TX,75201
846,User_000846,Healthcare Worker,Essential Worker,8750 Cedar Way Apt 215,Fresno,CA,93650
847,User_000847,Sales Professional,Professional,6955 Oak St Apt 105,San Jose,CA,95101
848,User_000848,Retail Worker,Service,644 Oak St Apt 524,Dallas,TX,75201
849,User_000849,Restaurant Worker,Service,3184 Washington Ct,New York,NY,10001
850,User_000850,Sales Professional,Professional,430 Hill Ave Apt 277,Tucson,AZ,85701
851,User_000851,Gig Worker,Gig Economy,5924 Park Ct Apt 419,Los Angeles,CA,90001
852,User_000852,Freelancer,Gig Economy,1714 Washington Way,Denver,CO,80201
853,User_000853,Student,Education,1878 River Rd,Indianapolis,IN,46201
854,User_000854,Gig Worker,Gig Economy,8685 Lake Way Apt 23,San Diego,CA,92101
855,User_000855,Tech Worker,Professional,1082 Park St,Tucson,AZ,85701
856,User_000856,Restaurant Worker,Service,8141 Maple Rd,Pittsburgh,PA,15201
857,User_000857,Freelancer,Gig Economy,3613 River Rd Apt 439,Philadelphia,PA,19019
858,User_000858,Sales Professional,Professional,7690 Elm Rd Apt 96,Kansas City,MO,64101
859,User_000859,Driver,Gig Economy,3128 Hill Ct Apt 118,Denver,CO,80201
860,User_000860,Teacher,Essential Worker,7456 River Ave Apt 918,Detroit,MI,48201
861,User_000861,Administrative,Professional,9966 Main Blvd,Portland,OR,97201
862,User_000862,Retail Worker,Service,8062 Maple Rd,Fort Worth,TX,76101
863,User_000863,Healthcare Worker,Essential Worker,1909 Lake Way,Tampa,FL,33601
864,User_000864,Warehouse Worker,General,8454 Maple Ct,Louisville,KY,40201
865,User_000865,Tech Worker,Professional,6490 Main Ave,Minneapolis,MN,55401
866,User_000866,Small Business Owner,General,459 Park Pl Apt 526,Charlotte,NC,28201
867,User_000867,Retail Worker,Service,8650 Hill Pl Apt 766,Charlotte,NC,28201
868,User_000868,Teacher,Essential Worker,2216 Main Ct,San Antonio,TX,78201
869,User_000869,Restaurant Worker,Service,2184 Hill Dr,Miami,FL,33101
870,User_000870,Tech Worker,Professional,2365 Maple Ct,Tucson,AZ,85701
871,User_000871,Small Business Owner,General,3429 Maple Way Apt 644,Sacramento,CA,95814
872,User_000872,Warehouse Worker,General,752 Washington Way Apt 943,Austin,TX,78701
873,User_000873,Sales Professional,Professional,2745 Main Ave Apt 756,Washington,DC,20001
874,User_000874,Young Professional,Professional,511 Washington Ave,Detroit,MI,48201
875,User_000875,Young Professional,Professional,4300 Main St Apt 223,Baltimore,MD,21201
876,User_000876,Tech Worker,Professional,993 Maple Blvd,Fresno,CA,93650
877,User_000877,Teacher,Essential Worker,8448 Hill Ct,Denver,CO,80201
878,User_000878,Young Professional,Professional,5749 River St,Detroit,MI,48201
879,User_000879,Student,Education,1708 Elm Dr,Albuquerque,NM,87101
880,User_000880,Driver,Gig Economy,3046 Washington Pl Apt 372,New York,NY,10001
881,User_000881,Healthcare Worker,Essential Worker,5264 Washington Ave,Milwaukee,WI,53201
882,User_000882,Warehouse Worker,General,8299 Lake Ct,Boston,MA,02101
883,User_000883,Freelancer,Gig Economy,8207 Maple Pl Apt 116,Milwaukee,WI,53201
884,User_000884,Healthcare Worker,Essential Worker,3087 Hill Dr Apt 994,Orlando,FL,32801
885,User_000885,Healthcare Worker,Essential Worker,6270 Park Blvd,Kansas City,MO,64101
886,User_000886,Small Business Owner,General,3858 Lake St,Cleveland,OH,44101
887,User_000887,Young Professional,Professional,1783 Main Ave Apt 284,Philadelphia,PA,19019
888,User_000888,Driver,Gig Economy,6564 Washington Dr Apt 913,Tampa,FL,33601
889,User_000889,Sales Professional,Professional,7358 Elm Ct,Austin,TX,78701
890,User_000890,Retail Worker,Service,7533 Cedar St,Miami,FL,33101
891,User_000891,Freelancer,Gig Economy,3044 Oak Ln Apt 626,Houston,TX,77001
892,User_000892,Gig Worker,Gig Economy,4942 Park Way,Jacksonville,FL,32099
893,User_000893,Restaurant Worker,Service,8609 Oak Way,Indianapolis,IN,46201
894,User_000894,Healthcare Worker,Essential Worker,3889 Cedar Ln,Tampa,FL,33601
895,User_000895,Warehouse Worker,General,3386 Oak Way Apt 973,Las Vegas,NV,89101
896,User_000896,Service Industry,Service,2594 Washington Pl Apt 619,Charlotte,NC,28201
897,User_000897,Tech Worker,Professional,9844 River Ave Apt 114,Washington,DC,20001
898,User_000898,Driver,Gig Economy,4534 Elm Ave,Memphis,TN,38101
899,User_000899,Retail Worker,Service,4208 Elm Blvd,Philadelphia,PA,19019
900,User_000900,Retail Worker,Service,9570 Main Ln Apt 829,Indianapolis,IN,46201
901,User_000901,Gig Worker,Gig Economy,2329 Elm Blvd Apt 119,Boston,MA,02101
902,User_000902,Student,Education,6519 Washington Dr,Dallas,TX,75201
903,User_000903,Freelancer,Gig Economy,3567 Main Pl Apt 874,Fresno,CA,93650
904,User_000904,Administrative,Professional,948 Lake Pl,Dallas,TX,75201
905,User_000905,Retail Worker,Service,2437 Washington Ave,Charlotte,NC,28201
906,User_000906,Service Industry,Service,5824 Maple Pl Apt 630,Portland,OR,97201
907,User_000907,Driver,Gig Economy,3231 Hill Ct,Portland,OR,97201
908,User_000908,Warehouse Worker,General,7723 Maple St,Kansas City,MO,64101
909,User_000909,Tech Worker,Professional,772 Hill Pl,Washington,DC,20001
910,User_000910,Gig Worker,Gig Economy,3377 Lake Ave Apt 572,Chicago,IL,60601
911,User_000911,Tech Worker,Professional,4538 Hill Rd Apt 935,Washington,DC,20001
912,User_000912,Small Business Owner,General,4558 Hill Ct,Albuquerque,NM,87101
913,User_000913,Small Business Owner,General,6219 River Ln Apt 127,San Jose,CA,95101
914,User_000914,Small Business Owner,General,6935 River Blvd Apt 111,Cleveland,OH,44101
915,User_000915,Small Business Owner,General,6111 Park Ln,Miami,FL,33101
916,User_000916,Small Business Owner,General,2314 Cedar Pl,Indianapolis,IN,46201
917,User_000917,Driver,Gig Economy,2837 Washington Dr Apt 896,Cleveland,OH,44101
918,User_000918,Tech Worker,Professional,8076 Park Pl,Nashville,TN,37201
919,User_000919,Small Business Owner,General,1166 Maple Dr,San Antonio,TX,78201
920,User_000920,Restaurant Worker,Service,5973 Oak St,Nashville,TN,37201
921,User_000921,Warehouse Worker,General,4423 Oak Ln Apt 143,Miami,FL,33101
922,User_000922,Freelancer,Gig Economy,9548 Elm St Apt 350,San Diego,CA,92101
923,User_000923,Healthcare Worker,Essential Worker,4039 Park Dr,Jacksonville,FL,32099
924,User_000924,Freelancer,Gig Economy,7360 Washington Ln Apt 717,Orlando,FL,32801
925,User_000925,Tech Worker,Professional,5581 Oak Way,San Diego,CA,92101
926,User_000926,Healthcare Worker,Essential Worker,3639 Elm Ct,New York,NY,10001
927,User_000927,Sales Professional,Professional,6583 Park Ct,Detroit,MI,48201
928,User_000928,Administrative,Professional,3146 Lake Blvd Apt 837,Columbus,OH,43004
929,User_000929,Teacher,Essential Worker,2491 Elm Ct,Las Vegas,NV,89101
930,User_000930,Restaurant Worker,Service,4438 Oak Blvd Apt 174,Denver,CO,80201
931,User_000931,Tech Worker,Professional,7029 Oak Ln,Dallas,TX,75201
932,User_000932,Teacher,Essential Worker,1610 Main St Apt 869,Detroit,MI,48201
933,User_000933,Small Business Owner,General,1420 Elm Rd,San Jose,CA,95101
934,User_000934,Service Industry,Service,9012 Hill Ave Apt 670,Baltimore,MD,21201
935,User_000935,Gig Worker,Gig Economy,309 Main Rd,Fort Worth,TX,76101
936,User_000936,Driver,Gig Economy,613 Main Ct,Fresno,CA,93650
937,User_000937,Sales Professional,Professional,3645 Cedar Way Apt 336,Jacksonville,FL,32099
938,User_000938,Young Professional,Professional,3907 Park Rd,Milwaukee,WI,53201
939,User_000939,Freelancer,Gig Economy,8190 Park Pl,Albuquerque,NM,87101
940,User_000940,Teacher,Essential Worker,3814 Washington Way,Fresno,CA,93650
941,User_000941,Tech Worker,Professional,5937 Park Rd Apt 249,Jacksonville,FL,32099
942,User_000942,Tech Worker,Professional,1815 Elm Rd,San Jose,CA,95101
943,User_000943,Warehouse Worker,General,6258 Oak Ct,San Diego,CA,92101
944,User_000944,Young Professional,Professional,9537 Oak Ln Apt 693,Chicago,IL,60601
945,User_000945,Retail Worker,Service,5267 Park St Apt 861,Albuquerque,NM,87101
946,User_000946,Warehouse Worker,General,3577 Washington Blvd,Columbus,OH,43004
947,User_000947,Tech Worker,Professional,5086 Maple Way,Portland,OR,97201
948,User_000948,Teacher,Essential Worker,1610 Cedar Rd Apt 270,Houston,TX,77001
949,User_000949,Freelancer,Gig Economy,9709 Elm Ave,Fresno,CA,93650
950,User_000950,Small Business Owner,General,4443 Lake Ave Apt 173,San Antonio,TX,78201
951,User_000951,Administrative,Professional,4373 Maple St,Boston,MA,02101
952,User_000952,Warehouse Worker,General,2919 River Ave Apt 685,Orlando,FL,32801
953,User_000953,Healthcare Worker,Essential Worker,2120 Main Way,San Diego,CA,92101
954,User_000954,Driver,Gig Economy,9384 Lake Way,Albuquerque,NM,87101
955,User_000955,Tech Worker,Professional,1546 Washington Way,Boston,MA,02101
956,User_000956,Driver,Gig Economy,2328 River Ln,Sacramento,CA,95814
957,User_000957,Retail Worker,Service,674 Elm Ave Apt 565,Houston,TX,77001
958,User_000958,Teacher,Essential Worker,1657 Oak Blvd,Columbus,OH,43004
959,User_000959,Gig Worker,Gig Economy,1593 Maple Way Apt 136,San Jose,CA,95101
960,User_000960,Freelancer,Gig Economy,6921 Main St Apt 459,Albuquerque,NM,87101
961,User_000961,Tech Worker,Professional,9640 Lake Rd Apt 506,Baltimore,MD,21201
962,User_000962,Healthcare Worker,Essential Worker,2447 Cedar Ct Apt 5,Tampa,FL,33601
963,User_000963,Gig Worker,Gig Economy,1057 Elm St Apt 583,Charlotte,NC,28201
964,User_000964,Freelancer,Gig Economy,4493 Washington Ln Apt 716,Baltimore,MD,21201
965,User_000965,Young Professional,Professional,7796 Main Dr,Tucson,AZ,85701
966,User_000966,Administrative,Professional,9764 Cedar St,San Jose,CA,95101
967,User_000967,Service Industry,Service,9505 Maple Pl Apt 497,Las Vegas,NV,89101
968,User_000968,Freelancer,Gig Economy,9078 Maple St Apt 870,Kansas City,MO,64101
969,User_000969,Service Industry,Service,4867 River Rd Apt 591,Philadelphia,PA,19019
970,User_000970,Restaurant Worker,Service,9109 Hill Pl Apt 756,Fort Worth,TX,76101
971,User_000971,Freelancer,Gig Economy,8524 Park Ln Apt 814,Austin,TX,78701
972,User_000972,Freelancer,Gig Economy,2199 Washington St,Orlando,FL,32801
973,User_000973,Sales Professional,Professional,819 Park Ave,Pittsburgh,PA,15201
974,User_000974,Warehouse Worker,General,9486 River Ave,Jacksonville,FL,32099
975,User_000975,Gig Worker,Gig Economy,5629 Park Ave,San Jose,CA,95101
976,User_000976,Service Industry,Service,5535 Park Dr,San Diego,CA,92101
977,User_000977,Sales Professional,Professional,2781 Maple Dr Apt 845,Seattle,WA,98101
978,User_000978,Student,Education,1543 Park Blvd Apt 50,Minneapolis,MN,55401
979,User_000979,Young Professional,Professional,7252 Main Ave,Milwaukee,WI,53201
980,User_000980,Administrative,Professional,2305 Hill Dr,Detroit,MI,48201
981,User_000981,Freelancer,Gig Economy,9594 Park Rd Apt 392,Miami,FL,33101
982,User_000982,Driver,Gig Economy,7746 Elm Way,Indianapolis,IN,46201
983,User_000983,Warehouse Worker,General,8311 Lake Blvd Apt 592,Indianapolis,IN,46201
984,User_000984,Sales Professional,Professional,5876 Park Blvd,Tampa,FL,33601
985,User_000985,Student,Education,4576 Hill Ct Apt 823,Tucson,AZ,85701
986,User_000986,Service Industry,Service,1049 River Rd Apt 209,Tampa,FL,33601
987,User_000987,Restaurant Worker,Service,1115 Elm Way,Kansas City,MO,64101
988,User_000988,Teacher,Essential Worker,9432 Washington Rd,Atlanta,GA,30301
989,User_000989,Sales Professional,Professional,6046 Elm Ct Apt 834,Austin,TX,78701
990,User_000990,Healthcare Worker,Essential Worker,1885 Elm Blvd,Denver,CO,80201
991,User_000991,Retail Worker,Service,3959 Maple Way Apt 206,Kansas City,MO,64101
992,User_000992,Small Business Owner,General,9996 Washington Ln,Boston,MA,02101
993,User_000993,Tech Worker,Professional,9505 Cedar Way,Boston,MA,02101
994,User_000994,Small Business Owner,General,7227 River St,Milwaukee,WI,53201
995,User_000995,Restaurant Worker,Service,8089 Main Dr,Denver,CO,80201
996,User_000996,Teacher,Essential Worker,6301 Lake Rd Apt 541,Sacramento,CA,95814
997,User_000997,Sales Professional,Professional,7700 Oak Rd Apt 646,Orlando,FL,32801
998,User_000998,Sales Professional,Professional,6559 Elm Blvd,Washington,DC,20001
999,User_000999,Service Industry,Service,1903 Main Dr,Pittsburgh,PA,15201
1000,User_001000,Warehouse Worker,General,4925 Washington Pl,Atlanta,GA,30301
